76;gachaversePC_fla.adloadd_9
69;gachaversePC_fla.bigfasde_7
63;gachaversePC_fla.clickcircleani_4
52;gachaversePC_fla.backtransition_2
46;Bitmap33
45;Bitmap1szcs
44;ratbb
43;rataa
42;agannn
41;grd44
40;nehaeferear
39;Bitmap1fes
38;Bitmap52
37;fadeanni
31;Bitmap11
30;Bitmap109
29;Bitmap14
28;Bitmap1beach
27;faef3
26;Bitmap1eafg
25;grdsgs
24;Bitmap1wawave
23;Bitmap226
22;Bitmap25
21;Bitmap34
20;Bitmap3zd
19;Bitmap55
18;Clickcircle
17;rocksbitmap
16;shadeBitmap1f
15;star66
14;absorb2
13;clickxx
12;clickx2
11;gachamusic
10;magic1
9;magic5
8;menumusic
7;shopsfxx
6;starqq
5;starbr
4;starsz
3;clickclose
2;viithemex
1;waitingmusic
0;gachaversePC_fla.MainTimeline
334;gachaversePC_fla.creditsgo_20
333;gachaversePC_fla.openwebsite_24
238;gachaversePC_fla.musiuciopen_22
177;gachaversePC_fla.charartistpage_21
100;gachaversePC_fla.fadeouut_19
8767;gachaversePC_fla.leggtoos_3113
8766;gachaversePC_fla.legltgoo_3112
8764;gachaversePC_fla.numbersonopen_3110
8753;gachaversePC_fla.colorwheelbox_3105
8752;gachaversePC_fla.slelelctocloksin_3109
8747;gachaversePC_fla.colorpiicck_3106
8740;gachaversePC_fla.bottombar_3101
8739;gachaversePC_fla.selelcted_3102
8720;gachaversePC_fla.fade_3100
8718;gachaversePC_fla.customizations_3042
8717;gachaversePC_fla.tyyppep_3099
8712;gachaversePC_fla.rellationshipsthing_3098
8603;gachaversePC_fla.docosei_3097
8600;gachaversePC_fla.hahpfywe_3096
8597;gachaversePC_fla.rellaeitnose_3095
8558;gachaversePC_fla.smmalboxall_3090
8548;gachaversePC_fla.doublecolorposts_3089
8543;gachaversePC_fla.opendisplay_3085
8542;gachaversePC_fla.selelcitim_3087
8539;gachaversePC_fla.longbootoms_3086
8532;gachaversePC_fla.previewbox1_3083
8531;gachaversePC_fla.eyebrows_3084
8508;gachaversePC_fla.colorsmol_3082
8499;gachaversePC_fla.categorry_3080
8486;gachaversePC_fla.seetocoolor_3076
8482;gachaversePC_fla.colorsslots_3077
8338;gachaversePC_fla.posesagll_3072
8332;gachaversePC_fla.nornaomlad_3073
8320;gachaversePC_fla.emmems_3070
8300;gachaversePC_fla.characterpoz_3056
8291;gachaversePC_fla.weaponpoz_3063
8272;gachaversePC_fla.gennderpick_3054
8263;gachaversePC_fla.allcoolrsin_3052
8261;gachaversePC_fla.coolorsal_3053
8252;gachaversePC_fla.noprevsetes_3049
8245;gachaversePC_fla.ffiaodes_3047
8241;gachaversePC_fla.presettpreview_3046
8099;gachaversePC_fla.arorwlong_3045
8089;gachaversePC_fla.zoomfunntions_3038
8076;gachaversePC_fla.sidebarright_3025
8075;gachaversePC_fla.customm2_3036
8062;gachaversePC_fla.siideoall_3034
8056;gachaversePC_fla.presnesitn_3032
8030;gachaversePC_fla.sellectslot_3023
8025;gachaversePC_fla.hiiis_3022
8019;gachaversePC_fla.personthing_3013
8013;gachaversePC_fla.mamleohalog_3019
8005;gachaversePC_fla.hairlogo_3016
8002;gachaversePC_fla.eyyescolor_3015
7999;gachaversePC_fla.avatksinn_3014
7994;gachaversePC_fla.character_33
7983;gachaversePC_fla.chatbubbles_2980
7982;gachaversePC_fla.chattubule3_2999
7980;gachaversePC_fla.bubjs8_3007
7946;gachaversePC_fla.bubsj2_3006
7912;gachaversePC_fla.bubkf98_3005
7878;gachaversePC_fla.bubjs81_3004
7844;gachaversePC_fla.bubsa8_3003
7810;gachaversePC_fla.bi9r_3002
7776;gachaversePC_fla.bubisfj83_3001
7742;gachaversePC_fla.bububujhet_3000
7709;gachaversePC_fla.chatbubble2_2990
7707;gachaversePC_fla.bubs98_2998
7673;gachaversePC_fla.bubjs83_2997
7639;gachaversePC_fla.bubsfj8_2996
7605;gachaversePC_fla.bubs89f3_2995
7571;gachaversePC_fla.bubs72_2994
7537;gachaversePC_fla.bubosfe8_2993
7503;gachaversePC_fla.bubsfj822_2992
7469;gachaversePC_fla.bububu3s_2991
7436;gachaversePC_fla.buulchat1_2981
7434;gachaversePC_fla.bubf9844_2989
7400;gachaversePC_fla.bubs81_2988
7366;gachaversePC_fla.bubosf893_2987
7332;gachaversePC_fla.bubs822_2986
7298;gachaversePC_fla.bubsf898_2985
7264;gachaversePC_fla.bubijse_2984
7230;gachaversePC_fla.bubde93_2983
7195;gachaversePC_fla.bubsf33_2982
7161;gachaversePC_fla.headhead_1343
7160;gachaversePC_fla.headskinad2_2976
7155;gachaversePC_fla.hat_2791
6690;gachaversePC_fla.ahoge_2699
6507;gachaversePC_fla.otherhat_2655
6397;gachaversePC_fla.eyebrowss_2654
6380;gachaversePC_fla.fronthair_2009
5090;gachaversePC_fla.rearhair_1636
4286;gachaversePC_fla.glasses_1587
4159;gachaversePC_fla.eyesall_1429
4096;gachaversePC_fla.nernoueyseys_1553
4094;gachaversePC_fla.fksi8832_1552
4092;gachaversePC_fla.eyyeyex_1549
4085;gachaversePC_fla.eedgeyees_1548
4081;gachaversePC_fla.eyeyothoer_1547
4079;gachaversePC_fla.eeyyeede_1546
4076;gachaversePC_fla.eyeyryan_1545
4073;gachaversePC_fla.darkkreye_1544
4067;gachaversePC_fla.eyeyedeyg_1539
4058;gachaversePC_fla.zozonibig_1538
4056;gachaversePC_fla.eheyyehelp_1537
4053;gachaversePC_fla.esioeif_1536
4050;gachaversePC_fla.cyytheye_1535
4045;gachaversePC_fla.cykkopathe_1533
4040;gachaversePC_fla.buggeyee_1530
4033;gachaversePC_fla.eyeyyesmim_1527
4018;gachaversePC_fla.freeyeya_1521
4009;gachaversePC_fla.eyamele_1518
3998;gachaversePC_fla.eyeysio32_1513
3987;gachaversePC_fla.eyyeflat_1512
3984;gachaversePC_fla.eyyesmool_1509
3971;gachaversePC_fla.ellui_1505
3960;gachaversePC_fla.aisjoheye_1501
3951;gachaversePC_fla.eyeyegloom_1498
3940;gachaversePC_fla.eyyenormml_1494
3930;gachaversePC_fla.eyeelashhe_1490
3918;gachaversePC_fla.eyeyesnepia_1486
3909;gachaversePC_fla.eyeincno_1482
3895;gachaversePC_fla.eyeyesucc_1478
3884;gachaversePC_fla.sallnteeys_1474
3874;gachaversePC_fla.eyes_1431
3870;gachaversePC_fla.pupils_1434
3786;gachaversePC_fla.eyewinks_1430
3780;gachaversePC_fla.accessory_1360
3618;gachaversePC_fla.expressionmouths_1356
3497;gachaversePC_fla.blush_1355
3486;gachaversePC_fla.headskin_1344
3464;gachaversePC_fla.sleevehand_1309
3381;gachaversePC_fla.glovehand_1270
3277;gachaversePC_fla.scarf_1215
3147;gachaversePC_fla.shield_1164
3020;gachaversePC_fla.shirtbelt_1134
2936;gachaversePC_fla.beltbelt_1062
2757;gachaversePC_fla.bodyshirt_1008
2623;gachaversePC_fla.pantspelvis_1006
2613;gachaversePC_fla.shoe_960
2508;gachaversePC_fla.pantsleg_924
2416;gachaversePC_fla.thigh_904
2377;gachaversePC_fla.weapon_613
1644;gachaversePC_fla.backsleevehand_580
1561;gachaversePC_fla.glovebackhand_546
1467;gachaversePC_fla.shoudlersleeves_514
1392;gachaversePC_fla.wing_466
1278;gachaversePC_fla.tail_417
1158;gachaversePC_fla.cape_361
1021;gachaversePC_fla.nkhairr_36
1020;gachaversePC_fla.backlowerhair_206
707;gachaversePC_fla.ponytail_37
338;gachaversePC_fla.gorounwhite_30
9528;gachaversePC_fla.unitinfoshow_3132
9522;gachaversePC_fla.bgkellemnthighlig_3151
9515;gachaversePC_fla.storyyopen_3149
9508;gachaversePC_fla.heartbt_3148
9505;gachaversePC_fla.awakennomal_3147
9491;gachaversePC_fla.stattinfo_3141
9472;gachaversePC_fla.skillsymbs_3139
9456;gachaversePC_fla.allportraits_3137
9077;gachaversePC_fla.bakgroundunit_3133
9064;gachaversePC_fla.starpagges_3130
9049;gachaversePC_fla.lockked_3126
9031;gachaversePC_fla.starsgo_3125
9014;gachaversePC_fla.elementcircleicons_3124
9007;gachaversePC_fla.skillshort_3121
8992;gachaversePC_fla.leveshowo_3120
8983;gachaversePC_fla.smallportraits_3118
8776;gachaversePC_fla.bannerallsenhn_3114
9559;gachaversePC_fla.resetdata_3153
9552;gachaversePC_fla.quesiitbt_3155
9550;gachaversePC_fla.ijigjes_3154
9531;gachaversePC_fla.optionsbt_3152
9668;gachaversePC_fla.rateuppshow_3171
9648;gachaversePC_fla.gachaconfirm_3168
9625;gachaversePC_fla.notenough_3165
9620;gachaversePC_fla.coingem_3167
9615;gachaversePC_fla.gacharates_3161
9566;gachaversePC_fla.wiepon_3159
9561;gachaversePC_fla.gportratplayy_3156
9560;gachaversePC_fla.centeredportraits_3157
9789;gachaversePC_fla.skippbt_3193
9782;gachaversePC_fla.rejetyry_3189
9772;gachaversePC_fla.optionsnobts_3191
9766;gachaversePC_fla._10shotresult_3188
9763;gachaversePC_fla.gachanimationportait_3178
9761;gachaversePC_fla.characternames_3187
9746;gachaversePC_fla.raressf_3185
9740;gachaversePC_fla.starranim_3180
9739;gachaversePC_fla._6staranii_3184
9738;gachaversePC_fla._5starani_3183
9737;gachaversePC_fla._4starani_3182
9736;gachaversePC_fla._3starani_3181
9735;gachaversePC_fla.gachabkdrop_3179
9734;gachaversePC_fla.starendtransform_3175
11702;gachaversePC_fla.ediitmoode_3258
11696;gachaversePC_fla.hideirrgo_3257
11694;gachaversePC_fla.posesall_3255
11693;gachaversePC_fla.sellespost_3256
11687;gachaversePC_fla.chathpooen_3242
11686;gachaversePC_fla.entertestst_3244
11685;gachaversePC_fla.colorsubls_3251
11684;gachaversePC_fla.jselelcte_3253
11681;gachaversePC_fla.colrorsset_3252
11673;gachaversePC_fla.bubblecolfsef_3250
11631;gachaversePC_fla.chahgenbuble_3245
11630;gachaversePC_fla.ochah83f_3248
11597;gachaversePC_fla.thouhghtse_3247
11563;gachaversePC_fla.chahhtes38_3246
11515;gachaversePC_fla.propsgoos_3223
11511;gachaversePC_fla._2many_3240
11506;gachaversePC_fla.fadeoutfacee_3238
11503;gachaversePC_fla.ppetpagpes_3236
11494;gachaversePC_fla.sellecteon_3232
11029;gachaversePC_fla.bgshoow_3219
11025;gachaversePC_fla.bbgiosje3_3221
10970;gachaversePC_fla.selleclt_3213
10950;gachaversePC_fla.locokiok_3209
10943;gachaversePC_fla.allprops_3196
10414;gachaversePC_fla.skitbgs_3194
11971;gachaversePC_fla.skiitt_3293
11957;gachaversePC_fla.mmakker_3259
11956;gachaversePC_fla.musiicpaggeo_3289
11955;gachaversePC_fla.selelctmuci_3291
11944;gachaversePC_fla.copyyfriist_3288
11936;gachaversePC_fla.skiittiel_3287
11931;gachaversePC_fla.skiitsaves_3285
11926;gachaversePC_fla.mamxline_3284
11921;gachaversePC_fla.newnneskit_3283
11913;gachaversePC_fla.chohosepose_3282
11910;gachaversePC_fla.choooseface_3277
11909;gachaversePC_fla.selescijt_3279
11908;gachaversePC_fla.seliesict_3280
11885;gachaversePC_fla.bggoo_3276
11880;gachaversePC_fla.typegoz_3275
11873;gachaversePC_fla.scennepick_3270
11872;gachaversePC_fla.selelctosfe_3273
11869;gachaversePC_fla.dkeiise_3272
11850;gachaversePC_fla.chohster_3268
11840;gachaversePC_fla.bubbleskist_3264
11839;gachaversePC_fla.cjhae7cm3_3267
11806;gachaversePC_fla.chhacuokf3_3266
11773;gachaversePC_fla.chahrububel_3265
11740;gachaversePC_fla.scennepicka_3263
11991;gachaversePC_fla.aninaitmion_3300
11986;gachaversePC_fla.ttiitlego_3295
11978;gachaversePC_fla.charsmakkersscenes_3294
